Prediction,Id
9.763201920004361,5083
8.708418755348424,5053
6.3343080674981165,5070
7.7368491063207045,5045
8.47137278140452,5044
6.479758174238249,5039
6.786854327542319,5022
7.270109995480985,5080
7.706723498813217,5010
8.564204250642435,5000
6.3343080674981165,5018
6.1135088013366055,5030
7.6509928728760395,5073
6.884935699311212,5033
7.667054651014188,5090
6.347538796279792,5004
6.1135088013366055,5076
7.930948687828518,5077
8.896438387003604,5012
7.129840799789877,5031
