Prediction,Id
7.701091416029924,5083
7.643119724776452,5053
6.916506425347012,5070
8.110171550044502,5045
8.299013388041034,5044
7.749378938924106,5039
7.351417633532616,5022
7.611927743127904,5080
7.515165589485194,5010
8.024804137010955,5000
7.258215420000126,5018
7.059275013072513,5030
7.80030767285775,5073
7.3518940409482285,5033
7.93421221800797,5090
7.032967294338153,5004
7.764650209441116,5076
7.657099362451911,5077
8.021481318171249,5012
8.006273566028513,5031
