Prediction,Id
7.402410970447964,5083
7.69648942269278,5053
7.071706230075681,5070
8.301428519495108,5045
7.678576584761675,5044
7.264750301160721,5039
7.059536475526178,5022
7.884413362753496,5080
7.840803574892691,5010
7.701327247225257,5000
7.182258192921056,5018
7.1793265541863605,5030
7.769730863404444,5073
7.452610991007479,5033
7.641966958174157,5090
7.016065661248387,5004
7.166276269392367,5076
7.846394671088409,5077
7.486167857066341,5012
7.903721126364481,5031
