Prediction,Id
9.94606099517192,5083
8.989883752535025,5053
6.347681152349695,5070
9.5870616985057,5045
8.374369814216195,5044
6.428688045359104,5039
7.1143613561278345,5022
7.031611308179759,5080
7.993768795716229,5010
7.107510592588815,5000
6.354810135028222,5018
6.146732811562392,5030
8.989883752535025,5073
6.510321211182255,5033
7.424386903591385,5090
6.354810135028222,5004
8.130469065820092,5076
8.2864507578796,5077
9.929514467634426,5012
7.789649467293819,5031
